{"cameraMode":{"drawMode":0,"name":"Shaded","section":"Shading Mode"},"sceneLighting":false,"audioPlay":false,"sceneViewState":{"m_AlwaysRefresh":false,"showFog":true,"showSkybox":false,"showFlares":true,"showImageEffects":true,"showParticleSystems":true,"showVisualEffectGraphs":true,"m_FxEnabled":true},"in2DMode":false,"pivot":{"x":0.00974947214126587,"y":0.8646345138549805,"z":-6.800000190734863},"rotation":{"x":-0.19951219856739045,"y":0.7215928435325623,"z":-0.23179031908512116,"w":-0.6211066842079163},"size":2.7247447967529299,"orthographic":false}