{"cameraMode":{"drawMode":0,"name":"Shaded","section":"Shading Mode"},"sceneLighting":false,"audioPlay":false,"sceneViewState":{"m_AlwaysRefresh":false,"showFog":true,"showSkybox":false,"showFlares":true,"showImageEffects":true,"showParticleSystems":true,"showVisualEffectGraphs":true,"m_FxEnabled":true},"in2DMode":false,"pivot":{"x":-5.960464477539063e-8,"y":0.577113151550293,"z":0.28080832958221438},"rotation":{"x":-0.29146498441696169,"y":0.38312384486198428,"z":-0.12879841029644013,"w":-0.8669927716255188},"size":4.041594505310059,"orthographic":false}