{"cameraMode":{"drawMode":0,"name":"Shaded","section":"Shading Mode"},"sceneLighting":false,"audioPlay":false,"sceneViewState":{"m_AlwaysRefresh":false,"showFog":true,"showSkybox":false,"showFlares":true,"showImageEffects":true,"showParticleSystems":true,"showVisualEffectGraphs":true,"m_FxEnabled":true},"in2DMode":false,"pivot":{"x":-2.697000026702881,"y":0.40400001406669619,"z":3.2200002670288088},"rotation":{"x":-0.29146498441696169,"y":0.38312384486198428,"z":-0.12879841029644013,"w":-0.8669927716255188},"size":5.500454425811768,"orthographic":false}