{"cameraMode":{"drawMode":0,"name":"Shaded","section":"Shading Mode"},"sceneLighting":true,"audioPlay":false,"sceneViewState":{"m_AlwaysRefresh":false,"showFog":true,"showSkybox":true,"showFlares":true,"showImageEffects":true,"showParticleSystems":true,"showVisualEffectGraphs":true,"m_FxEnabled":true},"in2DMode":false,"pivot":{"x":-0.4148091673851013,"y":-17.746543884277345,"z":40.37310028076172},"rotation":{"x":-0.3398846983909607,"y":-0.00961056537926197,"z":0.003465145593509078,"w":-0.940421462059021},"size":35.885833740234378,"orthographic":false}