{"cameraMode":{"drawMode":0,"name":"Shaded","section":"Shading Mode"},"sceneLighting":true,"audioPlay":false,"sceneViewState":{"m_AlwaysRefresh":false,"showFog":true,"showSkybox":true,"showFlares":true,"showImageEffects":true,"showParticleSystems":true,"showVisualEffectGraphs":true,"m_FxEnabled":true},"in2DMode":false,"pivot":{"x":1.0311365127563477,"y":0.7914531826972961,"z":-4.967702388763428},"rotation":{"x":-0.29146498441696169,"y":0.38312384486198428,"z":-0.12879841029644013,"w":-0.8669927716255188},"size":8.477394104003907,"orthographic":false}