{"cameraMode":{"drawMode":0,"name":"Shaded","section":"Shading Mode"},"sceneLighting":false,"audioPlay":false,"sceneViewState":{"m_AlwaysRefresh":false,"showFog":true,"showSkybox":false,"showFlares":true,"showImageEffects":true,"showParticleSystems":true,"showVisualEffectGraphs":true,"m_FxEnabled":true},"in2DMode":false,"pivot":{"x":1.7877979278564454,"y":0.6080913543701172,"z":0.6592826843261719},"rotation":{"x":-0.27754735946655276,"y":0.24633978307247163,"z":-0.07386263459920883,"w":-0.9256522059440613},"size":9.764182090759278,"orthographic":false}