{"cameraMode":{"drawMode":0,"name":"Shaded","section":"Shading Mode"},"sceneLighting":false,"audioPlay":false,"sceneViewState":{"m_AlwaysRefresh":false,"showFog":true,"showSkybox":false,"showFlares":true,"showImageEffects":true,"showParticleSystems":true,"showVisualEffectGraphs":true,"m_FxEnabled":true},"in2DMode":false,"pivot":{"x":5.460000038146973,"y":3.5299999713897707,"z":-0.6282510757446289},"rotation":{"x":-0.29146498441696169,"y":0.38312384486198428,"z":-0.12879841029644013,"w":-0.8669927716255188},"size":0.17320498824119569,"orthographic":false}